Date,PM10,PM25,NO2
01-01-19,31.18,25.25,28.5
02-01-19,26.15,24,35.31
03-01-19,43.68,39.12,66.2
04-01-19,18.64,16.7,38.01
05-01-19,27.86,25.12,39.14
06-01-19,26.9,24.34,52.81
07-01-19,26.28,24.49,53.78
08-01-19,41.17,38.77,44.73
09-01-19,33.59,29.12,53.62
10-01-19,27.15,24.59,53.61
11-01-19,36.34,34.48,51.25
12-01-19,40.69,39.02,52.35
13-01-19,81.55,78.41,39.5
14-01-19,40.68,38.81,55.17
15-01-19,18.51,17.31,63.41
16-01-19,18.75,17.41,56.74
17-01-19,26.78,25.24,67.82
18-01-19,53.9,50.91,82.52
19-01-19,25.35,23.66,48.13
20-01-19,20.48,16.36,48.91
21-01-19,20.54,18.73,53.69
22-01-19,21.96,19.52,54.87
23-01-19,23.66,20.49,57.2
24-01-19,19.63,18.23,30.32
25-01-19,20.35,18.18,42.45
26-01-19,19.58,17.79,42.29
27-01-19,54.53,49.35,59.16
28-01-19,50.43,44.55,82.93
29-01-19,62.04,57.79,99.98
30-01-19,58.43,52.37,76.87
31-01-19,35.88,32.81,49.99
01-02-19,25.69,22.51,58.47
02-02-19,72.68,63.9,78.8
03-02-19,59.66,52.05,70.44
04-02-19,47.47,39.6,61.89
05-02-19,21.26,16.93,35.64
06-02-19,29.78,25.14,44.3
07-02-19,17.75,14.45,55.96
08-02-19,47.34,41.36,73
09-02-19,31.34,27.56,44.75
10-02-19,43.71,38.14,54.7
11-02-19,100.89,86.23,86.87
12-02-19,25.02,22.14,50.12
13-02-19,19.7,8.97,48.58
14-02-19,20.31,16.8,60.37
15-02-19,16.53,13.98,51.11
16-02-19,28.71,26.41,42.3
17-02-19,45.51,41.48,47.45
18-02-19,70.87,56.03,92.83
19-02-19,94.47,76.5,97.79
20-02-19,87.94,73.71,73.74
21-02-19,35.81,28.44,53.36
22-02-19,35.99,25.75,56.89
23-02-19,14.28,9.95,40.66
24-02-19,21.85,19.54,39.68
25-02-19,33.81,25.47,39.25
26-02-19,38.18,27.53,56.19
27-02-19,36.85,27.21,65.15
28-02-19,27.99,17.12,41.42
01-03-19,43.64,29.7,69.99
02-03-19,34.26,27.49,59.74
03-03-19,32.16,28.18,44.75
04-03-19,37.4,29.57,47.38
05-03-19,33.78,19.67,33.3
06-03-19,17.32,11.57,48.62
07-03-19,43.82,30.01,78.53
08-03-19,68.17,51.02,87.28
09-03-19,38.98,26.12,41.58
10-03-19,19.98,10.52,25.09
11-03-19,21.23,13.92,33.36
12-03-19,19.85,7.63,52.43
13-03-19,29.44,22.29,60.71
14-03-19,24.45,15.77,65.47
15-03-19,26.61,22.99,38.38
16-03-19,19.67,15.67,36.06
17-03-19,18.45,14.4,53.15
18-03-19,43.95,30.44,89.31
19-03-19,27.27,16.54,47.63
20-03-19,27.21,20.03,44.77
21-03-19,22.91,17.19,42.75
22-03-19,35.12,28.38,28.5
23-03-19,32.48,24.29,35.31
24-03-19,20.91,13.72,66.2
25-03-19,32.32,21.3,38.01
26-03-19,25.86,21.13,39.14
27-03-19,18.34,14.78,42.81
28-03-19,21.63,15.05,53.78
29-03-19,23.5,18.01,44.73
30-03-19,36.86,29.83,63.62
31-03-19,44.45,37.08,53.61
01-04-19,44.55,33.83,51.25
02-04-19,22.34,13.93,52.35
03-04-19,30.68,16.17,81.84
04-04-19,20.73,11.53,55.17
05-04-19,22.33,13.36,63.41
06-04-19,18.29,12.39,56.74
07-04-19,25,18.83,67.82
08-04-19,27.14,21.02,82.52
09-04-19,22.39,16.85,48.13
10-04-19,29.96,23.06,48.91
11-04-19,40.83,34.08,53.69
12-04-19,32.32,21.3,54.87
13-04-19,25.86,21.13,57.2
14-04-19,18.34,14.78,30.32
15-04-19,33.29,18.85,42.45
16-04-19,19.5,15.45,42.29
17-04-19,23.5,13.54,59.16
18-04-19,28.5,21.5,82.93
19-04-19,13.57,12.3,99.98
20-04-19,20.09,16.98,76.87
21-04-19,26.96,23.13,49.99
22-04-19,22.96,16.91,58.47
23-04-19,17.87,9.93,78.8
24-04-19,12.89,8.71,70.44
25-04-19,19.73,12.92,61.89
26-04-19,24.19,15.12,35.64
27-04-19,23.44,15.97,44.3
28-04-19,14.36,10.65,55.96
29-04-19,13.52,10.45,73
30-04-19,17.81,11.33,44.75
01-05-19,8.43,6.09,54.7
02-05-19,13.6,10.71,86.87
03-05-19,21.92,17.43,50.12
04-05-19,19.09,14.98,48.58
05-05-19,14.63,10.37,60.37
06-05-19,12.25,8.36,51.11
07-05-19,5.75,5.21,42.3
08-05-19,9.08,7.64,47.45
09-05-19,18.86,13.21,92.83
10-05-19,12,10.97,97.79
11-05-19,16.7,14.17,73.74
12-05-19,12.72,10.21,53.36
13-05-19,15.79,12.37,56.89
14-05-19,16.49,13.66,40.66
15-05-19,16.27,12.22,39.68
16-05-19,12.34,9.04,39.25
17-05-19,15.04,12.75,56.19
18-05-19,16.22,13.12,65.15
19-05-19,22.6,18.62,41.42
20-05-19,22.7,14.91,69.99
21-05-19,8.27,5.12,59.74
22-05-19,12.45,9.25,44.75
23-05-19,14.58,10.21,47.38
24-05-19,15.07,11.94,33.3
25-05-19,14.9,12.69,48.62
26-05-19,20.28,17.81,78.53
27-05-19,30.74,25.08,87.28
28-05-19,20.53,14.75,41.58
29-05-19,26.78,21.31,25.09
30-05-19,19.33,17.65,33.36
31-05-19,15.83,6.92,52.43
01-06-19,10.35,6.94,60.71
02-06-19,23.99,23.13,65.47
03-06-19,22.95,21.77,38.38
04-06-19,16.31,13.05,36.06
05-06-19,12.83,8.74,53.15
06-06-19,24.71,20.33,89.31
07-06-19,32.84,31.27,47.63
08-06-19,19.5,15.5,44.77
09-06-19,22.28,17.81,42.75
10-06-19,30.74,25.08,35.31
11-06-19,20.53,14.75,66.2
12-06-19,26.78,21.31,38.01
13-06-19,19.33,17.65,39.14
14-06-19,15.83,16.92,42.81
15-06-19,10.35,16.94,53.78
16-06-19,23.99,23.13,44.73
17-06-19,22.95,21.77,63.62
18-06-19,16.31,13.05,53.61
19-06-19,12.83,8.74,51.25
20-06-19,24.71,20.33,52.35
21-06-19,32.84,31.27,81.84
22-06-19,15.04,12.75,55.17
23-06-19,16.22,13.12,63.41
24-06-19,22.6,18.62,56.74
25-06-19,22.7,14.91,67.82
26-06-19,8.27,5.12,82.52
27-06-19,12.45,9.25,48.13
28-06-19,14.58,10.21,48.91
29-06-19,15.07,11.94,53.69
30-06-19,14.9,12.69,54.87
01-07-19,17.14,11.69,57.2
02-07-19,26.35,17.74,30.32
03-07-19,23.61,14.44,42.45
04-07-19,18.4,11.76,59.51
05-07-19,19.55,15.04,61.56
06-07-19,19.28,13.03,49.02
07-07-19,26.3,17.83,42.63
08-07-19,18.6,13.95,47.76
09-07-19,17.52,13.34,71.02
10-07-19,17.88,13.8,55
11-07-19,12.43,9.5,38.7
12-07-19,10.02,7.59,51.36
13-07-19,21.49,16.17,48.77
14-07-19,16.19,14.54,26.55
15-07-19,17.88,14.68,28.5
16-07-19,13.87,10.56,45.31
17-07-19,14.64,11.65,66.2
18-07-19,21.04,14.96,48.01
19-07-19,23.57,16.65,39.14
20-07-19,18.87,13.83,42.81
21-07-19,22.31,17.92,53.78
22-07-19,20.09,15.38,44.73
23-07-19,14.09,11.11,63.62
24-07-19,13.09,9.96,53.61
25-07-19,21.76,15.15,51.25
26-07-19,27.03,19.3,52.35
27-07-19,25.09,18.66,81.84
28-07-19,14.15,9.49,55.17
29-07-19,16.92,12.71,63.41
30-07-19,17.95,14.2,56.74
31-07-19,22.93,16.78,67.82
01-08-19,16.63,13,82.52
02-08-19,16.99,12.96,48.13
03-08-19,14.8,11.6,48.91
04-08-19,8.43,6.72,53.69
05-08-19,10.97,7.9,54.87
06-08-19,16.02,12.03,57.2
07-08-19,23.24,17.73,30.32
08-08-19,21.59,14.2,42.45
09-08-19,27.37,19.89,42.29
10-08-19,18.63,13.97,59.16
11-08-19,16.63,12.48,52.93
12-08-19,19.66,13.76,49.98
13-08-19,20.62,13.25,50.5
14-08-19,20.76,14.87,49.99
15-08-19,20.06,11.54,58.47
16-08-19,8.98,5.04,30.3
17-08-19,10.74,8.08,70.44
18-08-19,15.2,12.25,61.89
19-08-19,20.13,13.44,35.64
20-08-19,17.57,10.72,44.3
21-08-19,23.25,14.7,55.96
22-08-19,23.26,14.2,53
23-08-19,21.39,14.05,44.75
24-08-19,17.86,10.81,54.7
25-08-19,24.54,15.03,56.87
26-08-19,21.06,11.97,50.12
27-08-19,23.17,13.27,48.58
28-08-19,26.93,14.47,60.37
29-08-19,26,13.43,51.11
30-08-19,27.29,14.63,42.3
31-08-19,22.6,10.96,47.45
01-09-19,22.88,12.9,52.83
02-09-19,22.75,12.07,47.79
03-09-19,23.71,13.47,63.74
04-09-19,21.4,10.7,53.36
05-09-19,12.9,9.04,56.89
06-09-19,18.41,12.73,40.66
07-09-19,21.56,14.15,39.68
08-09-19,21.52,13.63,39.25
09-09-19,18.35,9.9,56.19
10-09-19,17.52,8.61,65.15
11-09-19,22.22,10.36,41.42
12-09-19,22.96,10.47,69.99
13-09-19,25.49,13.28,59.74
14-09-19,24.69,13.62,44.75
15-09-19,16.76,9.49,47.38
16-09-19,26.45,15.73,33.3
17-09-19,30.56,20.77,48.62
18-09-19,21.3,10.9,78.53
19-09-19,20.39,9.49,45.5
20-09-19,11.07,4.92,41.58
21-09-19,14.67,9.67,25.09
22-09-19,29.42,22.84,43.36
23-09-19,44.22,32.27,52.43
24-09-19,25.91,19.34,60.71
25-09-19,11.97,7.89,65.47
26-09-19,16.01,11.88,38.38
27-09-19,15.46,12.38,36.06
28-09-19,27.74,19.89,53.15
29-09-19,26.39,20.61,89.31
30-09-19,23.67,16.83,47.63
01-10-19,25.09,17.48,44.77
02-10-19,25.02,17.02,42.75
03-10-19,27.72,19.82,41.76
04-10-19,8.31,6.45,33.81
05-10-19,16.95,5.46,33.64
06-10-19,13.84,11.53,40.77
07-10-19,9.94,7.21,46.2
08-10-19,15.67,11.78,40.5
09-10-19,25.6,20.66,45.5
10-10-19,32.15,26.07,63.85
11-10-19,15.78,11.09,49.53
12-10-19,23.09,17.13,57.61
13-10-19,35.7,28.91,44.5
14-10-19,39.37,29.03,49.5
15-10-19,26.27,19.96,58.06
16-10-19,18.09,13.3,56.64
17-10-19,33.18,25,67.95
18-10-19,36.22,27.15,45.5
19-10-19,41.15,33.11,39.5
20-10-19,33.18,28.25,57.73
21-10-19,40.19,30.88,64.59
22-10-19,28.29,22.45,49.42
23-10-19,39.79,29.08,71.22
24-10-19,18.15,13.53,47.11
25-10-19,24.67,18.44,52.17
26-10-19,27.69,21.03,54.26
27-10-19,35.8,29.27,59.03
28-10-19,57.75,47.13,45.5
29-10-19,27.87,21.28,39.74
30-10-19,21.92,18.49,35.29
31-10-19,28.66,28.33,48.22
01-11-19,33.87,30.9,63.02
02-11-19,43.3,40.8,57.62
03-11-19,59.71,55.68,59.88
04-11-19,51.75,46.53,49.98
05-11-19,53.95,48.92,52.68
06-11-19,26.27,19.96,59.47
07-11-19,18.09,13.3,55.68
08-11-19,33.18,25,53.16
09-11-19,36.22,27.15,56.2
10-11-19,41.15,33.11,47.67
11-11-19,33.18,28.25,40.32
12-11-19,40.19,30.88,51.62
13-11-19,20.66,14.33,42.13
14-11-19,21.07,15.88,38
15-11-19,16.63,13.07,38.86
16-11-19,11.02,8.43,34.87
17-11-19,12.08,8.62,33.66
18-11-19,17.05,13.03,43.24
19-11-19,18.74,14.09,46.91
20-11-19,18.06,12.7,38.62
21-11-19,14.96,9.95,31.46
22-11-19,19.17,6.26,29.95
23-11-19,18.13,7,31.05
24-11-19,9.44,8.44,32.62
25-11-19,19.62,7.66,43.9
26-11-19,18.08,6.96,37.44
27-11-19,10.83,9.37,42.88
28-11-19,22.7,19.65,39.54
29-11-19,16.28,14.04,36.07
30-11-19,10.65,9.61,41.39
01-12-19,10.48,8.94,42.93
02-12-19,21.03,18.06,54.6
03-12-19,18.47,15.92,47.44
04-12-19,20.8,16.76,59.09
05-12-19,20.84,17.55,45.83
06-12-19,23.56,15.81,37.64
07-12-19,28.12,15.27,35.74
08-12-19,44.48,39.77,51.37
09-12-19,34.9,27.06,57.24
10-12-19,42.19,37.37,55.53
11-12-19,18.07,15.18,39.23
12-12-19,19.97,12.48,44.3
13-12-19,17.31,13.27,34.44
14-12-19,13.5,11.35,37.31
15-12-19,22.42,10.31,44.15
16-12-19,16.5,19.5,56.03
17-12-19,21.5,13.5,51.95
18-12-19,32.77,29.31,41.37
19-12-19,40.35,35.28,71.87
20-12-19,18.19,16.28,47.39
21-12-19,42.11,37.59,54.38
22-12-19,40.58,37.06,51.03
23-12-19,32.6,25.5,35.65
24-12-19,24.46,23.92,35.26
25-12-19,18.47,35.28,29.39
26-12-19,20.8,16.28,39.76
27-12-19,20.84,37.59,42.19
28-12-19,19.56,27.06,42.05
29-12-19,18.12,25.5,27.68
30-12-19,44.48,12.65,32.73
31-12-19,34.9,14.54,23.85
01-01-20,28.33,27.07,32.48
02-01-20,22.77,21.64,35.83
03-01-20,26.73,25.38,40.06
04-01-20,48.35,45.85,55.98
05-01-20,36.47,35.04,44.22
06-01-20,8.88,8.01,44.7
07-01-20,21.71,20.11,51.4
08-01-20,39.56,37.63,55.21
09-01-20,28.37,26.42,43.17
10-01-20,32.12,30.14,44.33
11-01-20,58.47,56.07,61.11
12-01-20,37.99,36.93,47.52
13-01-20,23.15,22.35,42.17
14-01-20,40.54,37.18,61.11
15-01-20,26.29,24.6,56.98
16-01-20,11.09,11.48,47.98
17-01-20,7.85,8.75,43.6
18-01-20,11.28,12.03,47.11
19-01-20,13.29,14.5,38.03
20-01-20,17.99,18.99,42.33
21-01-20,23.94,25.4,45.71
22-01-20,21.49,22.68,34.4
23-01-20,16.26,17.61,54.73
24-01-20,27.42,29.02,39.49
25-01-20,45.58,49.64,59.74
26-01-20,61.16,64.24,84
27-01-20,39.1,45.01,64.25
28-01-20,23.07,15.59,37.86
29-01-20,16.95,15.95,44.2
30-01-20,25.09,16.84,55.33
31-01-20,23.88,15.35,37.48
01-02-20,34.22,25.32,41.57
02-02-20,19.42,13.31,22.96
03-02-20,16.67,7.81,27.35
04-02-20,26.35,15.65,45.36
05-02-20,10.83,6.94,35.81
06-02-20,15.89,13.61,51.99
07-02-20,20.71,17.12,52.38
08-02-20,14.43,11.62,34.01
09-02-20,29.44,26.39,45.61
10-02-20,40.8,36.28,74.85
11-02-20,18.27,15.87,32.67
12-02-20,9.08,5.82,26.89
13-02-20,17.69,10.22,36.67
14-02-20,58.62,37.15,63.95
15-02-20,45.66,34.77,51.34
16-02-20,31.58,24.59,33.3
17-02-20,53.55,34.25,49.08
18-02-20,73.54,52.63,68.14
19-02-20,31.21,21.4,55.18
20-02-20,20.61,17.15,52.16
21-02-20,32.44,26.78,37.37
22-02-20,25.45,20.09,38.35
23-02-20,23,19.39,23.92
24-02-20,20.33,10.99,34.99
25-02-20,50,27.87,53.72
26-02-20,63.21,40.28,64.35
27-02-20,23.38,12.25,30.75
28-02-20,18.77,13.96,31.83
29-02-20,22.37,19.4,30.56
01-03-20,43.97,35.09,52.94
02-03-20,126.36,96.52,64.74
03-03-20,60.26,32.81,56.9
04-03-20,44.55,17.08,48.45
05-03-20,18.05,13.88,22.79
06-03-20,33.9,23.35,38.49
07-03-20,47.55,36.4,55.19
08-03-20,25.13,19.04,45.15
09-03-20,22.21,17.94,33.41
10-03-20,25.14,17.42,24.39
11-03-20,18.89,14.69,20.95
12-03-20,28.63,16.54,41.95
13-03-20,29.17,18.91,41.99
14-03-20,23.75,7.93,25.51
15-03-20,26.32,6.91,21.1
16-03-20,20.44,14.53,33.8
17-03-20,24.62,14.44,34.31
18-03-20,42.7,29.51,49.56
19-03-20,51.12,37.63,54.08
20-03-20,56.73,39.03,68.31
21-03-20,58.97,44.67,37.05
22-03-20,17.89,8.49,15.49
23-03-20,12.13,9.94,18.8
24-03-20,133.5,12.1,20.86
25-03-20,32.03,12.07,17.97
26-03-20,184.62,27.4,17.15
27-03-20,146.47,23.76,20.31
28-03-20,68.51,18.48,28.36
29-03-20,57.34,21.97,20.44
30-03-20,45.45,25.15,30.69
31-03-20,54.8,8.9,19.98
01-04-20,16.28,9.17,24.58
02-04-20,17.31,9.5,29.19
03-04-20,27.05,17.49,28.31
04-04-20,45.28,30.97,36.22
05-04-20,41.24,16.98,13.67
06-04-20,36.25,17.52,22.69
07-04-20,28.91,16.19,29.02
08-04-20,34.57,24.62,40.41
09-04-20,38.65,22.87,34.6
10-04-20,47.64,25.51,28.77
11-04-20,30.93,11.62,25.55
12-04-20,35.06,21.19,23.21
13-04-20,32.08,15.89,27.26
14-04-20,42.07,21.23,19.15
15-04-20,6.29,4.65,18.43
16-04-20,15.77,10.37,17.82
17-04-20,18.8,13.19,25.09
18-04-20,28.86,19.88,37.75
19-04-20,24.01,15.51,15.12
20-04-20,15.19,9.14,14.23
21-04-20,13.54,8.48,22.84
22-04-20,18.57,12.64,31.1
23-04-20,17.78,11.28,38.14
24-04-20,18.7,11.54,19.5
25-04-20,21.27,12.17,12.11
26-04-20,14.99,8.96,14.08
27-04-20,17.45,9.22,33.9
28-04-20,22.75,12.33,34.22
29-04-20,22.37,11.59,23.81
30-04-20,15.09,7.98,27.21
01-05-20,15.85,11.91,26.96
02-05-20,10.52,7.38,15.06
03-05-20,11.83,8.57,20.04
04-05-20,4.8,3.45,26.95
05-05-20,11.36,7.93,23.03
06-05-20,8.42,5.89,26.78
07-05-20,10.87,6.69,28.53
08-05-20,16.12,10.1,35.4
09-05-20,20.63,13.88,26.51
10-05-20,21.37,15.09,33.84
11-05-20,25.64,14.11,39.23
12-05-20,25.1,9.93,19.83
13-05-20,15.29,5.25,44.1
14-05-20,22.07,8.56,29.67
15-05-20,22.46,9.24,48.76
16-05-20,26.88,11.77,31.88
17-05-20,22.97,11.38,25.25
18-05-20,20.35,10.79,52.42
19-05-20,30.55,18.12,58.86
20-05-20,29.29,17.25,50.5
21-05-20,9.14,5.71,46.05
22-05-20,9.01,5.68,35.52
23-05-20,11.24,7.73,28.45
24-05-20,15.05,10.96,23
25-05-20,8.28,5.65,34.28
26-05-20,11.53,7.61,46.19
27-05-20,9.47,6.16,54.17
28-05-20,8.93,5.37,43.15
29-05-20,10.06,6.62,42.68
30-05-20,10.05,6.25,27.36
31-05-20,11.53,7.13,14.6
01-06-20,10.18,6.72,24.27
02-06-20,8.33,5.8,50.41
03-06-20,11.03,7.14,23.79
04-06-20,14.73,9.16,22.93
05-06-20,23.86,12.71,30.41
06-06-20,24.19,14.73,46.55
07-06-20,16.7,10.48,37.97
08-06-20,20.58,13.79,32.91
09-06-20,28.97,19.7,42.85
10-06-20,23.63,15.78,28.04
11-06-20,17.94,12.21,22.27
12-06-20,20.21,15.42,18.81
13-06-20,19.24,14.02,23.68
14-06-20,25.17,20.78,24.67
15-06-20,25.83,22.61,36.79
16-06-20,18.36,12.82,44.64
17-06-20,15.69,13.31,41.27
18-06-20,27.96,24.14,24.08
19-06-20,20.65,16.71,27.56
20-06-20,13.94,9.72,24.8
21-06-20,13.36,10.76,20.74
22-06-20,14.52,10.14,28.86
23-06-20,17.24,13.47,47.64
24-06-20,21.48,17.11,35.74
25-06-20,21.33,14.67,56.51
26-06-20,22.36,15.31,56.01
27-06-20,23.21,13.15,40.7
28-06-20,29.58,19.11,25.96
29-06-20,32.28,26.41,46.91
30-06-20,41.11,32.69,27.98
01-07-20,23.85,16.61,52.19
02-07-20,35.94,25.52,60.44
03-07-20,26.14,16.67,55.38
04-07-20,40.43,33.56,38.6
05-07-20,25.68,23.86,30.17
06-07-20,26.57,22.75,53.92
07-07-20,30.61,26.3,35.7
08-07-20,15.77,15.31,25.27
09-07-20,12.72,6.27,49.85
10-07-20,16.81,8.06,63.58
11-07-20,16.9,7.22,46.89
12-07-20,18.73,11.85,32.71
13-07-20,7.46,4.83,33.45
14-07-20,15.09,9.22,53.11
15-07-20,17.53,9.55,55.71
16-07-20,22.29,13.48,41.57
17-07-20,16,9.46,59.73
18-07-20,19.56,9.73,40.71
19-07-20,16.35,11.26,30.72
20-07-20,13.62,10.63,28
21-07-20,15.47,10.87,50.43
22-07-20,16.5,11.12,57.19
23-07-20,15.91,8.49,52.95
24-07-20,23.04,12.42,40.11
25-07-20,18.75,8.97,39.31
26-07-20,19.38,12.67,31.3
27-07-20,23.67,17.72,23.94
28-07-20,20.16,14.53,41.27
29-07-20,21.02,13.43,69.42
30-07-20,25.89,17.4,70.7
31-07-20,23.52,15.41,52.04
01-08-20,18.67,12.61,31.1
02-08-20,15.18,9.25,32.38
03-08-20,18.78,8.52,61.03
04-08-20,16.44,9.08,60.33
05-08-20,19.44,9.91,60.18
06-08-20,26.14,9.96,54.77
07-08-20,22,10.96,57.05
08-08-20,27.4,14.42,39.64
09-08-20,15.89,9.36,32.78
10-08-20,17.43,11.9,56.68
11-08-20,18.14,12.74,61.36
12-08-20,15.78,9.74,56.38
13-08-20,20.63,12.65,61.1
14-08-20,26.58,18.22,64.15
15-08-20,16.37,10.84,37.18
16-08-20,13.9,9.46,30.04
17-08-20,19.78,10.54,57.28
18-08-20,23.14,15.1,62.19
19-08-20,17.38,11.1,34.93
20-08-20,12.54,10.15,38.3
21-08-20,17.75,12.19,45.7
22-08-20,26.13,19.7,38.69
23-08-20,25.81,17.78,38.41
24-08-20,24.13,14,58.94
25-08-20,19.53,8.91,44.18
26-08-20,16.16,9.76,37.23
27-08-20,19.58,11.53,26.29
28-08-20,24.15,14.32,69.02
29-08-20,20.61,9.46,48.72
30-08-20,13.32,7.28,37.09
31-08-20,26.49,15.66,60.1
01-09-20,26.23,11.47,66.58
02-09-20,32.24,11.89,55.71
03-09-20,29.5,13.47,52.46
04-09-20,12.98,10.09,34.64
05-09-20,15.84,11.09,27.59
06-09-20,18.42,13.71,36.15
07-09-20,31.46,20.4,65.22
08-09-20,32.63,14.87,54.31
09-09-20,30.39,11.63,56.8
10-09-20,43.22,18.62,60.9
11-09-20,39.52,15.51,59.03
12-09-20,33.61,10.42,43.64
13-09-20,38.67,20.27,41.6
14-09-20,33.29,15.35,65.22
15-09-20,28.38,8.1,53.02
16-09-20,36.31,10.24,55.86
17-09-20,41.26,16.92,44.11
18-09-20,53.56,12.64,53.16
19-09-20,24.46,7.62,36.04
20-09-20,29.65,14,44.94
21-09-20,31.12,11.19,60.21
22-09-20,34.8,12.01,62.04
23-09-20,32.29,13.53,61.2
24-09-20,42.89,17.88,60.47
25-09-20,48.3,21.29,66.94
26-09-20,28.09,13.63,40.33
27-09-20,9.64,5.7,23.12
28-09-20,26.09,10.53,59.92
29-09-20,14.85,8.91,22.99
30-09-20,10.54,6.87,19.01
01-10-20,15.34,8.52,21.04
02-10-20,26.69,14.49,38.38
03-10-20,33.47,18.59,67.8
04-10-20,29.1,14.34,45.76
05-10-20,37.77,16.12,59.23
06-10-20,24.85,10.03,36.65
07-10-20,16.15,8.32,34.47
08-10-20,13.68,6.95,28.29
09-10-20,8.64,8.5,43.12
10-10-20,19.16,10.99,31.15
11-10-20,30.87,21.48,34.7
12-10-20,26.57,16.13,60.44
13-10-20,18.71,10.93,35.31
14-10-20,15.27,9.96,33.26
15-10-20,24.95,14.54,61.54
16-10-20,36.59,19.32,53.96
17-10-20,20.43,7.06,16.99
18-10-20,21.07,9.84,22.77
19-10-20,24.04,13.74,55.78
20-10-20,31.61,20.92,65.31
21-10-20,31.89,20.92,51.44
22-10-20,29.27,20.24,48.95
23-10-20,36.49,25.79,53.19
24-10-20,55.05,41.92,56.52
25-10-20,32.46,23.02,35.26
26-10-20,35.37,26.51,37.53
27-10-20,31.25,25.56,51.5
28-10-20,34.51,26.46,31.2
29-10-20,36.92,29.32,26.95
30-10-20,27.99,22.71,29.23
31-10-20,26.62,22.31,31.24
01-11-20,18.19,19.63,19.17
02-11-20,29.88,21.85,42.38
03-11-20,37.95,27.92,49.02
04-11-20,21.17,15.43,37.5
05-11-20,31.18,22.9,45.09
06-11-20,25.61,19.58,27.54
07-11-20,37.25,29.64,38.16
08-11-20,35.57,30.74,30.2
09-11-20,29.66,23.06,38.16
10-11-20,26.95,12.6,31.55
11-11-20,16.43,15.77,40.57
12-11-20,21.93,15.09,46.66
13-11-20,42.35,32.22,30.85
14-11-20,43.57,36.17,30.12
15-11-20,33.75,29.18,30.36
16-11-20,48.55,37.77,42.53
17-11-20,70.57,55.57,45.59
18-11-20,30.2,26.54,34.48
19-11-20,26.91,17.61,32.31
20-11-20,14.65,9.35,21.58
21-11-20,11.79,6.58,27.13
22-11-20,16.52,11.96,18.76
23-11-20,24.28,17.94,38.03
24-11-20,46.78,34.14,51.6
25-11-20,42.51,35.13,45.52
26-11-20,53.55,42.29,53.96
27-11-20,46.52,36.9,50.33
28-11-20,58.63,44.6,43.59
29-11-20,35.78,28.74,34.55
30-11-20,23.87,20.4,40.45
01-12-20,19.62,17.67,37.72
02-12-20,30.25,25.32,45.14
03-12-20,25.48,22.6,48.77
04-12-20,27.7,20.87,45.86
05-12-20,23.24,16.73,33.02
06-12-20,12.36,9.59,23.22
07-12-20,13.31,10.2,31.78
08-12-20,15.48,17.98,39.96
09-12-20,16.03,12.94,28.4
10-12-20,13.02,10.46,47.87
11-12-20,19.54,16.64,42.53
12-12-20,9.77,5.38,45.59
13-12-20,12.05,9.64,34.48
14-12-20,23.81,19.13,32.31
15-12-20,43.65,24.19,33.67
16-12-20,27.58,23.06,41.81
17-12-20,26.86,21.35,60.1
18-12-20,21.86,17.35,34.62
19-12-20,26.57,20.69,36.95
20-12-20,24.3,19.28,42.23
21-12-20,19.96,16.48,51.86
22-12-20,25.54,22.48,47.45
23-12-20,23.02,19.45,26.68
24-12-20,52.76,44.48,41.46
25-12-20,51.06,42.37,33.97
26-12-20,10.27,13.84,13.2
27-12-20,8.02,25.77,20.58
28-12-20,19.9,14.7,41.29
29-12-20,28.33,19.13,58.54
30-12-20,53.6,37.42,70
31-12-20,35.84,27.79,39.76
01-01-21,21.64,18.52,16.32
02-01-21,30.14,26.09,29.71
03-01-21,21.95,14.23,27.14
04-01-21,27.61,16.82,26.75
05-01-21,15.98,11.65,17.37
06-01-21,37.08,25.92,54.64
07-01-21,24.92,21.66,29.36
08-01-21,8.77,7.31,44.36
09-01-21,15.26,13.54,35.6
10-01-21,15.13,13.76,22.31
11-01-21,8.44,7.23,30.04
12-01-21,14.33,11.9,35.48
13-01-21,17.43,15.79,28.35
14-01-21,24.31,21.97,38.06
15-01-21,28.05,25.55,43.53
16-01-21,19.69,16.93,33.99
17-01-21,28.8,26.42,24.65
18-01-21,44.09,40.85,46.38
19-01-21,30.5,24.8,51.41
20-01-21,38.52,35.17,47.69
21-01-21,35.51,30.07,61.27
22-01-21,65.74,55.37,92.18
23-01-21,76.28,66.86,84.55
24-01-21,44.72,39.96,44.61
25-01-21,16.71,14.46,35.05
26-01-21,25.84,23.7,59.47
27-01-21,15.64,13.82,41.63
28-01-21,19.93,18.52,36.25
29-01-21,22.79,20.56,46.01
30-01-21,44.12,41.24,61.41
31-01-21,20.78,18.57,33.28
01-02-21,23.54,19.79,44.95
02-02-21,22.08,17.74,36.71
03-02-21,16.17,9.33,21.81
04-02-21,13.99,12.02,30.79
05-02-21,22.11,16.86,61.21
06-02-21,24.91,19.37,37.52
07-02-21,8.71,7.49,26.04
08-02-21,11.28,8.94,46.97
09-02-21,24.95,15.01,49.88
10-02-21,27.22,18.79,58.46
11-02-21,35.7,26.52,57.54
12-02-21,19.87,16.39,37.14
13-02-21,12.42,10.4,28.1
14-02-21,16.27,14.82,34.57
15-02-21,21.62,17.62,55.85
16-02-21,17.75,12.73,55.06
17-02-21,21.57,17.38,39.63
18-02-21,31.5,28.19,60.38
19-02-21,24.4,19.55,64.8
20-02-21,34.4,30,60.83
21-02-21,32.2,29.12,26.58
22-02-21,39.29,33.44,30.18
23-02-21,62.36,49.35,66.52
24-02-21,64.33,53.39,54.71
25-02-21,68.78,51.26,56.87
26-02-21,67.04,42.96,47.45
27-02-21,48.26,30.24,44.23
28-02-21,11.15,8.39,24.26
01-03-21,20.38,17.6,52.14
02-03-21,15.4,12.88,25.26
03-03-21,40.02,28.72,52.68
04-03-21,53.41,43.92,50.34
05-03-21,41.43,33.17,31.86
06-03-21,16.63,12.9,35.42
07-03-21,18.33,16.73,23.45
08-03-21,33.26,26.31,42.64
09-03-21,16.69,12.36,49.23
10-03-21,9.08,7.79,35.78
11-03-21,18.86,16.4,43.97
12-03-21,30.78,27.75,44.19
13-03-21,39.72,36.79,50.1
14-03-21,31.94,26.51,49.56
15-03-21,25.9,19.5,50.46
16-03-21,18.64,14.35,44.77
17-03-21,8.77,8.27,39.33
18-03-21,11.71,10.55,38.19
19-03-21,12.04,11.09,32.54
20-03-21,20.87,18.09,41.12
21-03-21,17.6,15.14,29.16
22-03-21,11.85,10.73,48.37
23-03-21,11.47,10.3,38.33
24-03-21,6.45,5.21,49.17
25-03-21,15.89,13.33,38.22
26-03-21,29.28,23.84,60.19
27-03-21,45.24,38.15,59.18
28-03-21,44.23,38.53,53.21
29-03-21,12.46,7.47,38.15
30-03-21,27.68,19.91,59.68
31-03-21,29.97,22.2,60.91
01-04-21,28.17,20.16,51
02-04-21,25.43,15.76,34.95
03-04-21,10.06,7.26,39.25
04-04-21,16.06,14.19,39.46
05-04-21,14.37,12.56,30.36
06-04-21,20.8,15.13,39.01
07-04-21,13.34,10.69,35.94
08-04-21,16.81,13.35,45.99
09-04-21,19.66,15.57,52.85
10-04-21,21.34,16.42,45.62
11-04-21,19.85,14.53,50.6
12-04-21,32.05,21.91,58.13
13-04-21,38.09,25.81,90.23
14-04-21,19.82,15.56,32.75
15-04-21,9.5,7.03,20.96
16-04-21,13.53,10.23,24.2
17-04-21,18.06,13.14,51.55
18-04-21,17.73,15.15,38.8
19-04-21,30.84,27.96,55.74
20-04-21,22.8,25.6,38.96
21-04-21,23.71,17.99,44.73
22-04-21,31.95,25.05,45.71
23-04-21,17.79,11.18,39.73
24-04-21,13.55,9.16,44.81
25-04-21,15.93,11.25,36.51
26-04-21,19.52,10.66,35.27
27-04-21,17.74,12.05,50.26
28-04-21,14.35,10.89,44.79
29-04-21,25.06,19.11,32.92
30-04-21,32.52,27.05,27.22
01-05-21,41.97,34.21,37.18
02-05-21,42.63,29.92,19.95
03-05-21,35.5,15.6,15.22
04-05-21,32.8,19.8,26.48
05-05-21,43.23,27.04,51.08
06-05-21,22.13,11.07,26.14
07-05-21,25.98,13.17,36.33
08-05-21,23.27,12.77,35.23
09-05-21,16.31,11.09,38.71
10-05-21,21.16,11.5,66.86
11-05-21,15.79,6.66,73.1
12-05-21,26.77,8.74,66.08
13-05-21,21.13,13.49,51.73
14-05-21,14.68,7.75,21.06
15-05-21,17.1,8.75,48.55
16-05-21,16.64,10.48,37.49
17-05-21,13.91,6.49,24.12
18-05-21,19.2,4.62,13.64
19-05-21,14.77,5.6,25.37
20-05-21,11.96,6.57,57.99
21-05-21,14.63,8.21,49.28
22-05-21,13.74,7.55,29.49
23-05-21,20.77,11.92,42.17
24-05-21,25.61,12.58,62.73
25-05-21,19.08,7.67,62.85
26-05-21,23.1,10.09,56.04
27-05-21,18.87,8.53,56.23
28-05-21,19.58,10.49,34.06
29-05-21,17,7.93,27.2
30-05-21,19.25,10.6,35.73
31-05-21,11.61,5.06,44.02
01-06-21,8.43,3.12,33.79
02-06-21,12.24,4.97,21.84
03-06-21,16.99,7.94,27.88
04-06-21,19.66,9.48,48.51
05-06-21,24.52,12.74,35.1
06-06-21,21.19,11.6,42.74
07-06-21,22.5,10.66,57.47
08-06-21,24.67,11.39,52.46
09-06-21,23.19,10.91,52
10-06-21,22.03,9.76,55.35
11-06-21,21.31,8.44,44.8
12-06-21,20.58,9.79,35.61
13-06-21,16.47,7.06,22.99
14-06-21,12.99,4.33,44.86
15-06-21,13.72,4.04,34.59
16-06-21,17.2,7.53,62.89
17-06-21,19.55,8.28,60.66
18-06-21,18.44,8.6,36.2
19-06-21,13.99,4.42,32.99
20-06-21,16.02,6.56,25.48
21-06-21,20.86,9.99,36.12
22-06-21,26.61,11.79,33.34
23-06-21,40.65,14.95,50.07
24-06-21,43.95,15.11,40.39
25-06-21,32.5,10.9,48.39
26-06-21,38.92,12.91,16.49
27-06-21,28.71,10.03,38.9
28-06-21,31.49,12.91,68.92
29-06-21,37.26,16.18,38.02
30-06-21,46.7,20.72,42.93
01-07-21,35.18,12.11,55.09
02-07-21,28.89,9.72,43.5
03-07-21,21.83,6.91,30.65
04-07-21,21.84,8.6,28.86
05-07-21,24.22,7.02,41.85
06-07-21,28.8,10.49,50.19
07-07-21,25.57,11.38,62.6
08-07-21,19.48,9.92,56.23
09-07-21,26.89,13.02,72.92
10-07-21,28.99,12.99,47.19
11-07-21,27.04,15.22,40.92
12-07-21,27.21,14.55,61.82
13-07-21,29.9,15.69,76.72
14-07-21,37.07,15.55,71.64
15-07-21,40.84,14.45,73.54
16-07-21,41.84,12.93,72.41
17-07-21,42.34,12.29,47.13
18-07-21,40.92,15.21,45.22
19-07-21,45.71,19.33,81.8
20-07-21,35.15,19.27,30.78
21-07-21,29.39,18.45,44.09
22-07-21,32.68,19.28,39.56
23-07-21,23.93,12.88,66.36
24-07-21,28.45,9.94,45.34
25-07-21,29.34,12.32,46.47
26-07-21,34.91,12.81,74.48
27-07-21,43.39,18.15,48.86
28-07-21,38.41,16.01,58.19
29-07-21,40.03,18.5,43.21
30-07-21,35.32,14.56,69.14
31-07-21,28.5,18.01,42.56
01-08-21,41.46,21.88,29.41
02-08-21,30.6,23.4,39.25
03-08-21,35.1,14.56,58.75
04-08-21,28.9,16.8,56.73
05-08-21,27.5,15.7,75.25
06-08-21,25.8,20.4,35.91
07-08-21,17.36,12.13,31.17
08-08-21,16.5,13.59,37.95
09-08-21,26.86,14.71,61.95
10-08-21,28.68,15.66,60.26
11-08-21,24.72,13.88,65.48
12-08-21,28.5,14.37,68.01
13-08-21,24.04,11.37,55.19
14-08-21,21.02,10.08,42.2
15-08-21,29.85,19,39.72
16-08-21,25.4,15.9,60.24
17-08-21,29.5,22.5,82.08
18-08-21,30.16,12.87,54.62
19-08-21,11.29,10.29,51.2
20-08-21,23.19,12.99,64.92
21-08-21,24.29,13.51,49.9
22-08-21,26.79,15.13,47.5
23-08-21,25.36,12.67,70.9
24-08-21,27.26,12.23,70.83
25-08-21,31.55,13.56,46.64
26-08-21,22.38,11.41,24.94
27-08-21,28.25,12.79,60.26
28-08-21,21.49,11.23,34.42
29-08-21,17.46,9.32,23.78
30-08-21,15.49,6.03,16.22
31-08-21,21.9,9.84,32.63
01-09-21,21.81,9.24,26.23
02-09-21,15.18,5.53,42.97
03-09-21,20.11,7.97,45.48
04-09-21,20.72,12.05,50.42
05-09-21,20.33,11.43,33.92
06-09-21,15.87,7.94,54.2
07-09-21,22.71,9.36,62.5
08-09-21,21.39,8.63,61.4
09-09-21,28.48,10.49,60.52
10-09-21,32.9,13.19,66.98
11-09-21,38.28,17.62,67.41
12-09-21,31.5,17.62,51.13
13-09-21,30,13.68,70.54
14-09-21,35.73,17.93,70.58
15-09-21,25.84,12.78,64.45
16-09-21,38.22,17.35,75.33
17-09-21,53.8,23.63,68.64
18-09-21,31.42,12.69,23.06
19-09-21,17.68,6.21,20.19
20-09-21,21.76,8.34,42.93
21-09-21,18.4,8.79,32.08
22-09-21,19.03,8.14,46.1
23-09-21,18.3,8.41,37.78
24-09-21,28.49,11.17,37.16
25-09-21,32.55,16.56,55.31
26-09-21,30.72,15.68,52.72
27-09-21,31.02,13.52,57.98
28-09-21,26.58,9.86,41.13
29-09-21,26.29,9.73,51.07
30-09-21,35.29,14.12,53.64
01-10-21,26.76,11.75,60.09
02-10-21,26.52,12.26,47.38
03-10-21,30.63,18.12,52.45
04-10-21,34.98,19.11,60.38
05-10-21,36.81,16.81,57.13
06-10-21,28.28,11.08,46.45
07-10-21,43.51,10.65,31.62
08-10-21,57.78,11.06,39.65
09-10-21,30.42,12.21,32.8
10-10-21,35.81,17.38,35.61
11-10-21,31.62,15.38,49.44
12-10-21,30.09,21.98,52.39
13-10-21,27.9,22.2,43.71
14-10-21,18.5,15.16,49.95
15-10-21,16.78,13.72,46.28
16-10-21,12.6,10.04,36.93
17-10-21,10.45,8.33,26.37
18-10-21,22.98,16.62,38.45
19-10-21,36.67,21.95,59.03
20-10-21,47.35,35.12,55.06
21-10-21,35.39,26.21,52.11
22-10-21,35.86,28.02,33.2
23-10-21,27.88,20.43,41.23
24-10-21,18.24,10.82,32.91
25-10-21,18.41,10.32,47.49
26-10-21,22.04,14,54.08
27-10-21,37.11,25.19,58.8
28-10-21,58.92,37.98,81.91
29-10-21,54.66,42.49,77.23
30-10-21,30.6,22.5,52.02
31-10-21,26.15,16.98,42.83
01-11-21,38.71,26.04,51.51
02-11-21,29.09,21.92,44.36
03-11-21,37.31,27.35,34.48
04-11-21,42.54,30.13,52.29
05-11-21,60.12,38.54,70.24
06-11-21,32.5,22.5,48.77
07-11-21,31.78,23.39,31.41
08-11-21,47.84,35.48,41.68
09-11-21,12.35,9.7,43.49
10-11-21,18.59,12.32,56.37
11-11-21,41.63,28.1,73.08
12-11-21,74.57,52.88,74.54
13-11-21,39.43,31.2,45.94
14-11-21,24.31,19.21,34.26
15-11-21,31.88,22.1,41.43
16-11-21,39.19,28.69,34.03
17-11-21,28.1,17.99,48.86
18-11-21,31.45,20.42,40.6
19-11-21,46.02,35.1,39.15
20-11-21,26.68,19.17,35.29
21-11-21,28.89,23.65,28.03
22-11-21,33.5,15.8,54.81
23-11-21,28.6,23.38,38.98
24-11-21,19.28,12.33,48.05
25-11-21,15.75,12.79,61.71
26-11-21,47.35,31.3,58.82
27-11-21,42.28,31.93,50.68
28-11-21,46.39,36.74,42.08
29-11-21,31.46,24.58,29.48
30-11-21,12.2,11.48,23.44
01-12-21,11.18,9.6,20.13
02-12-21,47.58,32.52,56.06
03-12-21,47.67,28.45,60
04-12-21,18.03,14.24,30.31
05-12-21,21.25,18.01,23.41
06-12-21,18.5,12.74,30.78
07-12-21,17.34,12.53,29.29
08-12-21,14.9,13.13,19.86
09-12-21,31.47,25.76,34.84
10-12-21,27.05,18.8,28.64
11-12-21,20.12,12.66,28.65
12-12-21,18.25,8.04,20.19
13-12-21,16.39,12.6,25.49
14-12-21,21.42,18.57,30.61
15-12-21,33.62,25.99,26.43
16-12-21,30.35,28.28,27.53
17-12-21,37.47,32.14,33.78
18-12-21,33.08,25.74,40.26
19-12-21,19.37,16.45,21.38
20-12-21,18.73,15.31,38.14
21-12-21,19.09,10.9,45.6
22-12-21,32.43,25.65,45.3
23-12-21,22.5,18.5,59.5
24-12-21,38.31,35.87,29.63
25-12-21,12.59,10.02,21
26-12-21,11.87,10.06,22.78
27-12-21,8.94,7.83,31.55
28-12-21,17.68,15.03,44.94
29-12-21,21.1,18.22,36.71
30-12-21,16.11,14.64,34.11
31-12-21,25.64,22.66,27.84
01-01-22,53.6,25.42,63.2
02-01-22,21.83,17.81,36.52
03-01-22,15.49,11.54,29.67
04-01-22,20.16,13.38,40.84
05-01-22,33.98,27.04,44.8
06-01-22,32.28,26.03,40.01
07-01-22,14.17,9.32,32.22
08-01-22,12.62,10.37,25.33
09-01-22,10.68,7.93,25.18
10-01-22,13.84,10.7,29.52
11-01-22,18.17,14.28,23.7
12-01-22,17.82,13.49,29.27
13-01-22,29.3,22.95,34.26
14-01-22,30.69,26.72,32.09
15-01-22,29.79,22.46,50.79
16-01-22,40.53,33.18,42.07
17-01-22,26.67,20.83,25.91
18-01-22,13.26,7.99,35.05
19-01-22,21.42,13.75,41.29
20-01-22,26.41,18.07,29.68
21-01-22,16.39,10.62,32.13
22-01-22,16.34,12.41,36.85
23-01-22,23.57,19.31,35.41
24-01-22,18.62,15.12,29.91
25-01-22,38.01,29.77,44.48
26-01-22,22.5,38.24,55.08
27-01-22,33.25,24.94,41.19
28-01-22,23.45,18.14,38.04
29-01-22,24.56,17.53,41.32
30-01-22,18.92,13.03,22.63
31-01-22,20.92,8.08,26.49
01-02-22,36.45,22.44,48.4
02-02-22,39.65,30.04,36.38
03-02-22,41.22,31.9,53.37
04-02-22,25.09,18.37,40.49
05-02-22,36.29,29.69,40.15
06-02-22,32.39,26.26,31.99
07-02-22,29.53,22.75,42.23
08-02-22,15.8,12.11,35.75
09-02-22,21.43,13.35,45.82
10-02-22,40.24,30.68,51.08
11-02-22,56,42.44,59.72
12-02-22,45.81,32.33,52.64
13-02-22,17.36,12.27,37.12
14-02-22,29.02,18.79,57.73
15-02-22,60.58,45.86,62.87
16-02-22,84.79,66.95,78.64
17-02-22,43.83,32.63,33.38
18-02-22,22.46,12.8,35.23
19-02-22,24.5,16.29,31.73
20-02-22,27.41,22.26,35.59
21-02-22,29.58,21.88,40.66
22-02-22,37.19,28.35,56.9
23-02-22,27.75,21.49,39.01
24-02-22,16.13,11.06,47.11
25-02-22,29.97,22.97,40.04
26-02-22,26.21,19.68,33.82
27-02-22,13.19,8.22,21.16
28-02-22,13.87,9.54,36.52
01-03-22,18.63,15.98,43.39
02-03-22,19.37,16.88,34.62
03-03-22,29.15,21.62,44.1
04-03-22,27.63,20.32,51.83
05-03-22,28.8,23.28,34.88
06-03-22,13.92,10.51,25.31
07-03-22,15.36,13,35.75
08-03-22,23.89,20.18,42.9
09-03-22,20.5,16.3,54.87
10-03-22,17.92,14.41,45.27
11-03-22,14.62,11.62,40.22
12-03-22,18.75,14.62,32
13-03-22,25.08,19.96,35.85
14-03-22,33.75,26.32,44.25
15-03-22,39.28,29.79,41.99
16-03-22,78.18,59.37,64.22
17-03-22,19.5,10.15,40.78
18-03-22,21.87,14.96,46.9
19-03-22,23.75,16.89,43.81
20-03-22,30.94,24.81,34.9
21-03-22,34.08,25.25,51.78
22-03-22,80.08,18.64,41.56
23-03-22,37.83,20.69,53.66
24-03-22,45.94,27.83,46.78
25-03-22,32.04,14.77,39.08
26-03-22,26.85,18.75,22.15
27-03-22,38.53,22.62,40.19
28-03-22,25.5,15.36,48.03
29-03-22,55.26,28.52,37.98
30-03-22,53.39,32.15,33.62
31-03-22,56.6,22.07,34.52
01-04-22,57.99,16.58,21.44
02-04-22,7.28,12.16,14.82
03-04-22,13.93,6.56,13.76
04-04-22,18.89,12.61,27.81
05-04-22,23.68,14.47,24.43
06-04-22,28.3,15.55,42.86
07-04-22,26.07,13.92,44.85
08-04-22,21.52,11,22.07
09-04-22,14.57,6,27.72
10-04-22,10.44,5.71,32.13
11-04-22,6.13,4.29,27.05
12-04-22,16.02,10.36,39.83
13-04-22,20.75,12.69,39.86
14-04-22,24.94,13.47,46.02
15-04-22,34.18,21.47,49.28
16-04-22,25.62,14.9,50.64
17-04-22,7.09,8.89,24.1
18-04-22,7.5,3.82,35.75
19-04-22,3.06,4.06,30.94
20-04-22,14.71,10.15,28.63
21-04-22,16.48,11.81,24.61
22-04-22,25.51,20.46,48.04
23-04-22,19.15,18.47,19.69
24-04-22,24.96,18.8,26.16
25-04-22,21.86,8.3,20.93
26-04-22,22.71,16.57,35.2
27-04-22,19.96,10.51,50.87
28-04-22,12.89,12.5,23.43
29-04-22,23.5,16.9,32.02
30-04-22,25.5,19.5,33.36
01-05-22,18.5,15.5,35.89
02-05-22,30.5,19.5,46.69
03-05-22,22.5,15.7,37.46
04-05-22,17.82,9.61,42.63
05-05-22,21.51,10.86,54.98
06-05-22,21.15,6.02,53.69
07-05-22,19.54,7.63,42.18
08-05-22,14,4.52,35.68
09-05-22,16.5,4.81,47.18
10-05-22,15.4,7.25,45.82
11-05-22,15.5,7.37,29.41
12-05-22,20.95,7.57,29.18
13-05-22,26.39,11.28,35.41
14-05-22,19.89,9.7,34.42
15-05-22,13.33,5.9,23.67
16-05-22,20.64,9.68,43.92
17-05-22,22.66,11.49,33.6
18-05-22,14.56,8.93,30.41
19-05-22,11.98,5.41,27.11
20-05-22,17.47,6.84,24.86
21-05-22,17.72,11,19.47
22-05-22,19.94,9.2,22.99
23-05-22,18.57,8.83,38.73
24-05-22,17.27,9.82,38.78
25-05-22,20.39,9.89,35.92
26-05-22,19.91,9.58,28.67
27-05-22,17.23,9.04,30.87
28-05-22,19.48,10.46,23.01
29-05-22,11.65,7.51,19.39
30-05-22,14.39,9.24,18.82
31-05-22,20.5,11.84,31.09
01-06-22,16.52,9.33,25.32
02-06-22,21.3,11.21,45.35
03-06-22,20.21,10.07,44.32
04-06-22,19.69,12.01,34.92
05-06-22,24.09,15.26,29.68
06-06-22,11.45,6.91,37.03
07-06-22,17.17,9.48,46.54
08-06-22,17.62,9.53,45.66
09-06-22,18.85,10.4,46.95
10-06-22,16.33,9.71,40.32
11-06-22,14.13,9.32,27.99
12-06-22,15.95,9.48,21.9
13-06-22,16.76,11.18,24.37
14-06-22,20.53,11.72,41.07
15-06-22,13.81,7.65,42.58
16-06-22,22.63,12.88,29.22
17-06-22,22.01,11.99,31.08
18-06-22,14.45,8.88,28.66
19-06-22,13.67,8.73,26.17
20-06-22,22.13,11.41,34.51
21-06-22,24.16,11.7,17.9
22-06-22,17.85,7.63,37.84
23-06-22,20.63,10.5,22.13
24-06-22,16.78,7.53,34.93
25-06-22,20.27,9.58,27.38
26-06-22,19.06,10.52,21.57
27-06-22,13.76,7.79,36.28
28-06-22,18.81,10.94,26.03
29-06-22,23.48,12.7,39.34
30-06-22,32.64,15.79,45.32
01-07-22,25.97,11.81,43.41
02-07-22,24.55,12.57,29.55
03-07-22,23.03,12.98,20.72
04-07-22,24.02,11.18,27.17
05-07-22,32.29,14.36,34.92
06-07-22,27.22,13.5,15.77
07-07-22,14.71,8.91,22.82
08-07-22,16.06,9.45,39.58
09-07-22,16.28,9.74,23.9
10-07-22,15.85,10.07,15.07
11-07-22,15.98,8.82,24.85
12-07-22,12.58,6.39,21.67
13-07-22,11.73,5.68,23.14
14-07-22,19.46,9.2,28.74
15-07-22,23.9,11.51,28.59
16-07-22,19.63,10.46,29.68
17-07-22,16.46,9.66,26.84
18-07-22,14.24,5.67,31.49
19-07-22,18.71,8.28,52.42
20-07-22,25.21,11.83,54.24
21-07-22,28.27,12.16,63.54
22-07-22,24.13,8.65,54.52
23-07-22,31.26,13.43,48.7
24-07-22,27.94,12.76,32.52
25-07-22,18.14,10.54,46.5
26-07-22,24.15,12.8,42.13
27-07-22,33.5,16.66,50.67
28-07-22,20.29,9.01,51.72
29-07-22,17.85,9.73,58.92
30-07-22,20.77,10.64,40.44
31-07-22,16.88,11.31,20.57
01-08-22,13.15,7.92,45.58
02-08-22,13.68,6.85,47.05
03-08-22,15.7,8.32,51.68
04-08-22,17.63,8.1,58.61
05-08-22,19.8,10.44,60.8
06-08-22,19.44,10.4,38.28
07-08-22,19.38,10.53,30.62
08-08-22,20.58,9.36,45.55
09-08-22,25.73,11.45,53.04
10-08-22,14.95,6.56,47.74
11-08-22,15.46,7.61,46.85
12-08-22,18.58,8.81,50.43
13-08-22,20.84,13.19,32.29
14-08-22,16.88,10.44,24.49
15-08-22,15,11.47,18.77
16-08-22,20.1,12.6,36.86
17-08-22,23.89,13.34,44.6
18-08-22,23.85,13.26,60.04
19-08-22,26.04,13.89,58.69
20-08-22,32.78,13.1,44.02
21-08-22,27.75,14.08,34.33
22-08-22,21.99,12.39,38.38
23-08-22,27.03,11.23,46.5
24-08-22,33.77,8.02,52.77
25-08-22,68.43,12.92,51.22
26-08-22,47.57,10.97,56.56
27-08-22,74.37,18.46,47.94
28-08-22,56.57,19.71,46.03
29-08-22,40.4,16.56,62.91
30-08-22,40.24,15.3,56.54
31-08-22,21.16,11.91,50.93
01-09-22,18.48,11.09,47.8
02-09-22,20.68,8.28,38.17
03-09-22,12.03,8.3,30.76
04-09-22,12.15,8.31,31.13
05-09-22,19.84,13.27,42.16
06-09-22,21.25,12.04,57.06
07-09-22,24.88,12.8,49.35
08-09-22,31.94,17.93,42.49
09-09-22,33.68,17.17,50.34
10-09-22,24.35,13.1,29.75
11-09-22,15.77,9.29,17.3
12-09-22,13.93,6.06,33.8
13-09-22,14.41,6.62,38.53
14-09-22,16.86,7.38,31.76
15-09-22,32.38,11.32,32.89
16-09-22,22.78,8.35,20.38
17-09-22,15.17,7.11,23.62
18-09-22,14.85,3.3,12.63
19-09-22,12.47,5.33,21.18
20-09-22,10.42,4.3,21.15
21-09-22,12.24,6.51,42.37
22-09-22,14.23,16.78,40.67
23-09-22,13.24,6.74,35.48
24-09-22,13.83,8.35,29.87
25-09-22,27.11,19.33,45.27
26-09-22,33.26,19.1,50.43
27-09-22,17.82,12,27.91
28-09-22,13.18,6.61,25.98
29-09-22,23.47,11.55,36.41
30-09-22,19.96,9.79,36.44
01-10-22,24.25,12.54,34.02
02-10-22,10.2,5.07,14.5
03-10-22,11.86,5.53,33.67
04-10-22,14.51,6.33,40.38
05-10-22,17.15,8.91,43.46
06-10-22,23.64,12.69,40.84
07-10-22,28.13,13.88,56.15
08-10-22,26.92,12.23,45.36
09-10-22,35.12,21.61,46.19
10-10-22,22.05,17.05,39.58
11-10-22,29.97,10.44,49.32
12-10-22,33.51,15.14,46.45
13-10-22,40.78,19.04,56.42
14-10-22,29.67,15.36,45.81
15-10-22,23.63,10.36,43.18
16-10-22,32.51,19.85,46.47
17-10-22,42.71,22.45,57.17
18-10-22,65.44,34.96,76.33
19-10-22,45.4,25.24,59.16
20-10-22,27.7,12.61,52.06
21-10-22,31.74,14.69,54.59
22-10-22,48.45,27.67,56.82
23-10-22,26.63,15.24,34.03
24-10-22,34.92,18.1,55.13
25-10-22,45.78,23.23,49.73
26-10-22,38.87,19.62,40.22
27-10-22,29.99,13.74,58.43
28-10-22,47.06,25.79,65.92
29-10-22,47.19,31.43,61.75
30-10-22,43.76,31.26,48.94
31-10-22,52.7,27.46,54.08
01-11-22,53.49,23.73,55.18
02-11-22,54.66,29.98,64.6
03-11-22,41.33,19.61,52.38
04-11-22,44.61,24,59.08
05-11-22,41.17,22.71,39.72
06-11-22,33.5,17.21,26.76
07-11-22,27.16,13.26,45.15
08-11-22,41.41,24.21,50.7
09-11-22,55.45,32.53,55.12
10-11-22,64.63,39.8,64.87
11-11-22,32.43,25.4,52.3
12-11-22,35.4,26.52,47.56
13-11-22,38.71,32.16,46.97
14-11-22,30.29,21.45,47.13
15-11-22,24.31,19.08,35.82
16-11-22,29.18,21.71,33.46
17-11-22,31.69,22.08,44.81
18-11-22,23.16,15.86,41.33
19-11-22,18.69,14.43,29.07
20-11-22,13.8,10.93,28.58
21-11-22,10.19,15.25,29.9
22-11-22,25.97,17.79,37.51
23-11-22,18.06,14.37,37.23
24-11-22,15.13,11.07,35.6
25-11-22,36.07,22.43,37.22
26-11-22,28.48,22.16,42.61
27-11-22,30.39,24.62,45.04
28-11-22,22.26,18,40.23
29-11-22,12.15,10.11,35.87
30-11-22,9.05,16.33,28.68
01-12-22,11.65,9.28,28
02-12-22,15.49,12.12,32.74
03-12-22,27.55,18.78,33.79
04-12-22,10.01,8.04,29.97
05-12-22,19.58,15.37,39.8
06-12-22,13.68,9.63,40.36
07-12-22,21.5,14.26,37.8
08-12-22,27.76,19.73,42.42
09-12-22,27.3,17.12,39.83
10-12-22,35.34,21.84,42.99
11-12-22,20.51,14.03,29.61
12-12-22,12.67,10.53,30.87
13-12-22,18.89,15.08,42.08
14-12-22,35.1,28.12,51.56
15-12-22,15.83,13.34,40
16-12-22,24.16,16.24,43.83
17-12-22,20.68,17.23,34.67
18-12-22,22.07,18.08,34.06
19-12-22,26.42,21.41,45.46
20-12-22,43.85,28.58,54.38
21-12-22,26.69,22.28,38.82
22-12-22,33.79,27.18,37.15
23-12-22,46.14,38.07,46.63
24-12-22,59.44,50.68,45.59
25-12-22,26.17,23.21,52.25
26-12-22,25.8,21.34,46.81
27-12-22,27.1,23,48.37
28-12-22,24.98,14.46,58.48
29-12-22,36.42,30.14,54.34
30-12-22,38.2,32.83,47.63
31-12-22,52.36,46.64,49.13
01-01-23,40.87,43.44,37.98
02-01-23,32.16,28.21,39.12
03-01-23,45.97,40.73,51.61
04-01-23,34.7,27.81,54.94
05-01-23,25.75,22.65,34.24
06-01-23,11.66,7.96,43.56
07-01-23,34.74,27.7,43.48
08-01-23,33.21,28.07,36.37
09-01-23,17.91,13.17,43.89
10-01-23,32.11,38.86,43.53
11-01-23,18.37,16.44,37.99
12-01-23,12.81,11.46,39.3
13-01-23,19.53,18.37,36.6
14-01-23,24.75,22.7,35.81
15-01-23,32.97,29.21,34.22
16-01-23,30.5,20.5,58.11
17-01-23,36.5,19.5,54.57
18-01-23,31.46,15.37,44.91
19-01-23,51.69,16.65,42.71
20-01-23,17.49,7.02,65.27
21-01-23,18.68,13.51,37.61
22-01-23,16,9.33,30.83
23-01-23,9.21,6.82,31.84
24-01-23,11.91,8.55,37.11
25-01-23,15.24,10.68,49.91
26-01-23,22.28,17.66,42.97
27-01-23,10.68,8.89,42.26
28-01-23,14.99,13.79,43.44
29-01-23,19.05,18.07,41.25
30-01-23,15.51,13.75,36.13
31-01-23,30.48,28.19,53.79
01-02-23,30.18,27.07,57.87
02-02-23,13.17,11.24,42.38
03-02-23,15.77,12.07,44.7
04-02-23,18.57,16.19,38.08
05-02-23,13.96,8.94,34.82
06-02-23,20.12,16.22,52.52
07-02-23,20.08,14.99,44.58
08-02-23,20.28,14.77,60.39
09-02-23,35.17,23.86,74.02
10-02-23,36.25,29.44,54.32
11-02-23,41.32,37.17,42.41
12-02-23,38.8,47.26,52.89
13-02-23,46,40.57,56.05
14-02-23,63.7,56.71,76.3
15-02-23,40.5,44.36,73.71
16-02-23,35.8,51.88,61.86
17-02-23,33.5,46.26,62.46
18-02-23,36.13,29.21,32.9
19-02-23,28.01,23.94,24.51
20-02-23,36.93,26.82,35
21-02-23,21.47,9.79,27.07
22-02-23,24.4,14,53.26
23-02-23,16.07,7.55,37.7
24-02-23,21.22,13.25,40.06
25-02-23,36,28.87,43.02
26-02-23,40.25,25.48,36.14
27-02-23,16.39,9.84,34.57
28-02-23,17.71,14.2,34.83
01-03-23,26.74,18.57,41.09
02-03-23,26.85,21.01,50.17
03-03-23,37.72,29.52,47.4
04-03-23,41.81,35.31,29.65
05-03-23,39.01,29.79,43.25
06-03-23,32.45,22.8,42.3
07-03-23,38.08,30.91,59.05
08-03-23,34.95,24.15,53.19
09-03-23,17.14,10.05,30.97
10-03-23,16.91,10.96,42.49
11-03-23,15.12,11.86,27.04
12-03-23,18.73,9.41,37.6
13-03-23,33.98,24.38,46.11
14-03-23,23.07,12.03,71.39
15-03-23,19.55,10.76,52.84
16-03-23,16.92,11.33,46
17-03-23,15.5,11.8,45.21
18-03-23,13.51,8.96,44.37
19-03-23,28.78,23.32,35.66
20-03-23,30.5,39.21,62.85
21-03-23,33.36,26.99,54.5
22-03-23,29.93,21.82,48.07
23-03-23,26.91,21.5,37.98
24-03-23,25.31,18.57,34.75
25-03-23,33.55,23.45,40.86
26-03-23,10.18,5.93,19.63
27-03-23,19.94,12.1,46.03
28-03-23,8.42,5.01,33.89
29-03-23,13.49,9.54,53.02
30-03-23,17.47,12.49,42.14
31-03-23,16.5,12.22,42.53
01-04-23,26.88,21.11,45.34
02-04-23,9.99,8.39,28.29
03-04-23,18.08,13.95,44.98
04-04-23,5.52,4.28,32.25
05-04-23,9.32,8.34,24.58
06-04-23,15.53,12.2,19.5
07-04-23,19.87,16.46,21.91
08-04-23,28.61,24.51,42.52
09-04-23,29.03,24.18,38.54
10-04-23,22.05,17.86,50.4
11-04-23,18.76,14.39,42.75
12-04-23,15.49,10.53,49.15
13-04-23,24.61,17.11,37.6
14-04-23,21.22,13.51,37.79
15-04-23,14.98,10.24,30.25
16-04-23,15.6,10.44,25.34
17-04-23,15.46,9.54,19.59
18-04-23,18.55,8.3,32.2
19-04-23,20.36,11.84,33.47
20-04-23,21.27,16.38,42.13
21-04-23,20,9.54,33.35
22-04-23,29.92,15.55,45.42
23-04-23,25.31,18.7,40.17
24-04-23,25.98,14.56,46.17
25-04-23,17.52,12.06,36.16
26-04-23,11.14,7.41,26.65
27-04-23,10.2,5.35,25.6
28-04-23,15.19,8.91,34.52
29-04-23,20.96,13.07,39.58
30-04-23,24.95,18.33,34.6
01-05-23,17.85,11.05,34.59
02-05-23,22.86,8.94,50.81
03-05-23,19.32,8.63,49.48
04-05-23,13.3,8.48,43.76
05-05-23,20.16,12.15,47.28
06-05-23,15.95,8.88,40.37
07-05-23,15.21,8.32,30.45
08-05-23,12.48,7.92,42.51
09-05-23,11.4,7.54,41.36
10-05-23,15.45,9.62,49.82
11-05-23,15.74,9.01,53.31
12-05-23,16.74,9.75,55.61
13-05-23,18.16,10.17,56.13
14-05-23,17.93,10.48,54.36
15-05-23,17.37,9.96,54.88
16-05-23,18.84,9.48,46.13
17-05-23,18.78,10.63,40.76
18-05-23,19.23,10.49,49.66
19-05-23,19.72,11.18,47.27
20-05-23,19.2,12.42,39.05
21-05-23,16.73,10.67,44.76
22-05-23,14.53,8.35,44.9
23-05-23,16.1,10.02,54.43
24-05-23,18.19,11.34,52.44
25-05-23,17.52,9.41,46.85
26-05-23,14.2,8.56,44.27
27-05-23,14.6,9.5,36.11
28-05-23,14.76,9.44,29.45
29-05-23,15.87,9.64,45.6
30-05-23,19.05,10.38,53.78
31-05-23,21.02,10.99,62.1
01-06-23,23.47,13.4,46.49
02-06-23,23.6,15.58,38.42
03-06-23,20.25,8.41,27.06
04-06-23,9.98,4.05,29.26
05-06-23,12.31,6.03,38.79
06-06-23,15.09,6.69,55.01
07-06-23,17.27,8.42,52.65
08-06-23,18.45,8.86,60.19
09-06-23,17.93,8.68,55.92
10-06-23,22.98,11.65,43.84
11-06-23,21.05,11.05,31.66
12-06-23,15.35,7.73,32.65
13-06-23,8.94,5.28,39.02
14-06-23,12.88,8.69,41.05
15-06-23,16.49,11.29,45.42
16-06-23,14.88,9.32,47.19
17-06-23,14.32,10.05,27.73
18-06-23,11.43,8.06,20.02
19-06-23,10.46,6.53,32.1
20-06-23,13.4,8.85,46.78
21-06-23,19.17,12.72,56.29
22-06-23,18.81,12.73,53.09
23-06-23,24.11,15.94,31.44
24-06-23,21.5,13.4,30.79
25-06-23,19.5,9.8,24.85
26-06-23,14,6.94,38.14
27-06-23,15.77,8.69,20.28
28-06-23,15.02,10.11,41.28
29-06-23,14.89,7.94,18
30-06-23,12.68,8,25.88
01-07-23,18.66,10.86,27.5
02-07-23,20.05,12.72,17.92
03-07-23,19.26,12.97,46.35
04-07-23,18.86,12.09,48.91
05-07-23,19.88,10.53,47.17
06-07-23,23.78,12.46,43.05
07-07-23,17.64,10.61,28.93
08-07-23,11.05,6.96,24.76
09-07-23,12.95,8.88,32.29
10-07-23,19.77,13.06,41.09
11-07-23,22.38,13.37,47.93
12-07-23,20.51,12.85,32.15
13-07-23,27.73,16.02,27.51
14-07-23,17.97,10.27,33.3
15-07-23,15.03,9.27,35.13
16-07-23,15.78,9.44,39.88
17-07-23,21.76,12.38,61.15
18-07-23,19.89,11.69,55.8
19-07-23,20.55,11.4,31.81
20-07-23,20.12,11.76,29.07
21-07-23,18.59,11.2,53.76
22-07-23,13.24,7.53,21.23
23-07-23,10.81,7.75,30.14
24-07-23,14.36,9.5,26.39
25-07-23,26.99,16.45,46.94
26-07-23,36.2,19.26,35.23
27-07-23,10.4,6.34,27.71
28-07-23,11.29,6.92,20.11
29-07-23,16.17,10.47,35.66
30-07-23,16.89,12.66,28.96
31-07-23,13.17,9.85,36.44
01-08-23,12.75,8.32,44.35
02-08-23,17.67,11.4,29.54
03-08-23,22.5,13.38,46.09
04-08-23,24.58,14.61,60.03
05-08-23,17.53,9.44,28.12
06-08-23,17.61,11.39,17.17
07-08-23,8.23,4.8,11.88
08-08-23,6.97,4.15,29.91
09-08-23,10.72,5.97,48.82
10-08-23,13.2,7.94,45.41
11-08-23,12.57,7.51,37.25
12-08-23,15.08,9.65,32.48
13-08-23,14.88,9.97,30.35
14-08-23,15.41,8.48,37.64
15-08-23,23.02,13.87,27.85
16-08-23,22.22,11.27,45.26
17-08-23,21.02,11.65,51.17
18-08-23,26.56,14.74,54.22
19-08-23,22.36,12.76,38.58
20-08-23,22.46,14,37.76
21-08-23,19.76,11.83,58.1
22-08-23,25.34,15.8,60.57
23-08-23,24.98,14.63,56.63
24-08-23,21.25,11.84,50.84
25-08-23,15.61,12.73,46.65
26-08-23,25.19,14.1,48.45
27-08-23,16.61,9.83,41.28
28-08-23,23.99,12.88,51.19
29-08-23,25.96,12.26,66.94
30-08-23,26.06,12.73,42.06
31-08-23,12.99,8.16,19.75
01-09-23,17.59,9.96,44.83
02-09-23,13.85,8.07,37.1
03-09-23,13.84,8.88,33.2
04-09-23,9.83,6.14,35.97
05-09-23,15.34,8.01,45.51
06-09-23,14.91,8.52,45.17
07-09-23,15.98,8.84,45.64
08-09-23,16.97,8.05,41.73
09-09-23,16.99,8.51,47.45
10-09-23,18.79,8.81,34.48
11-09-23,18.41,8.44,42.93
12-09-23,28.91,13.73,53.82
13-09-23,27.43,12.56,53.08
14-09-23,31.65,14.22,44.64
15-09-23,26.26,15.04,42.53
16-09-23,15.14,9.64,27.57
17-09-23,16.84,11.04,28.99
18-09-23,16.77,9.62,48.62
19-09-23,16.87,9.1,45.94
20-09-23,19.69,11.38,40.89
21-09-23,25.27,13.23,46.62
22-09-23,25.55,12.07,37.03
23-09-23,22.27,12.5,45.01
24-09-23,20.22,9.38,23.25
25-09-23,28.91,9.82,28.96
26-09-23,34.71,8.97,34.89
27-09-23,30.04,10.07,37
28-09-23,28.07,8.71,48.43
29-09-23,30.45,9.99,51.87
30-09-23,28,13.06,44.63
01-10-23,25.91,15.31,40.94
02-10-23,16.26,7.56,35.1
03-10-23,34.01,20.65,36.57
04-10-23,28.34,14.43,43.34
05-10-23,22.14,8.47,46.77
06-10-23,25.98,12.19,48.56
07-10-23,25.3,12.17,27.04
08-10-23,30.81,9.31,17.25
09-10-23,11.65,5.01,28.46
10-10-23,19.29,6.52,46
11-10-23,25.42,10.2,49.54
12-10-23,29.59,13.32,43.91
13-10-23,33.28,14.05,55.46
14-10-23,36.69,18.33,52.14
15-10-23,29.93,16.88,35.7
16-10-23,10.17,6.3,29.77
17-10-23,13.11,8.16,46.03
18-10-23,16.51,9.18,43.4
19-10-23,27.62,17.51,44.61
20-10-23,35.01,19.81,53.36
21-10-23,42.09,23.33,46.1
22-10-23,34.43,19.81,41.08
23-10-23,28.27,13.62,52.66
24-10-23,30.39,15.95,51.53
25-10-23,34.73,16.87,43.16
26-10-23,16.99,7.25,30.1
27-10-23,20.15,9.63,37.47
28-10-23,8.32,4.64,21.31
29-10-23,16.96,11.68,27.05
30-10-23,33.46,21.87,54.38
31-10-23,40,23.12,59.08
01-11-23,19.18,12.38,34.33
02-11-23,11.51,6.97,38.49
03-11-23,16.9,11.03,41.34
04-11-23,11.1,8.14,29.85
05-11-23,10.33,7.06,26.5
06-11-23,7.22,4.59,26.35
07-11-23,22.31,14.5,49.42
08-11-23,22.49,17.59,35.32
09-11-23,14.1,9.25,40.06
10-11-23,23.93,18.09,50.65
11-11-23,11.68,8.68,35
12-11-23,5.11,4.04,15.82
13-11-23,13.22,10.48,48.62
14-11-23,17.62,14.51,36.21
15-11-23,10.6,8.33,32.4
16-11-23,8.15,5.56,35.97
17-11-23,19.56,15.71,40.66
18-11-23,11.56,11.42,31.24
19-11-23,7.53,6.14,28.65
20-11-23,23.63,18.74,44.21
21-11-23,26.13,20.56,50.08
22-11-23,16.12,14.07,29.79
23-11-23,13.67,12.02,26.24
24-11-23,15.9,12.5,31.04
25-11-23,20.4,15.5,35.25
26-11-23,14.9,18.5,21.25
27-11-23,11.69,9.6,27.33
28-11-23,17.6,13.61,51.85
29-11-23,10.36,8.79,27.19
30-11-23,25.54,21.64,38.91
01-12-23,28.47,24.73,50.22
02-12-23,39.51,33.92,60.1
03-12-23,16.02,13.72,25.38
04-12-23,14.44,11.61,37.71
05-12-23,17.91,15.12,41.3
06-12-23,10.83,8.33,35.55
07-12-23,9.1,7.6,33.05
08-12-23,15.99,14.46,36.31
09-12-23,20.17,17.22,33.69
10-12-23,14.84,13.83,23.13
11-12-23,17.71,15.23,29.77
12-12-23,19.71,16.82,36.39
13-12-23,25.54,20.64,41
14-12-23,28.53,25.53,43.04
15-12-23,10.36,8.82,36.09
16-12-23,9.83,8.28,33.76
17-12-23,16.5,14.94,29.82
18-12-23,20.18,18.19,38.27
19-12-23,31.71,28.13,53.4
20-12-23,35.81,35.83,55.62
21-12-23,29.96,35.55,47.77
22-12-23,17.28,15.65,30.88
23-12-23,4.96,3.74,18.6
24-12-23,7.29,6.26,30.19
25-12-23,9.28,7.63,18.72
26-12-23,12.25,10.04,25.75
27-12-23,18.56,15.15,36.38
28-12-23,26.66,23.45,48.21
29-12-23,37.13,34.32,39.94
30-12-23,29.53,27.48,39.01
31-12-23,31.3,46.62,56.34
